INSERT INTO role (name)
VALUES ('ROLE_USER'),
       ('ROLE_ADMIN');

INSERT INTO call_type (name, code)
VALUES ('Исходящий', '01'),
       ('Входящий', '02');


INSERT INTO tariff_type (code, name, minute_price, free_minutes, fixed_price)
VALUES ('06', 'Безлимит 300', 1, 300, 100),
       ('03', 'Поминутный', 1.5, 0, 0),
       ('11', 'Обычный', 0.5, 100, 0);

INSERT INTO abonent (id, first_name, last_name, username, password)
VALUES (1, 'Abonent', 'Test', 'user', '$2a$10$xKgEuO4TcHw6ctRoWj/2E.ruaTXFcm7gFaAJeNdVwkLhPkbD8NAQ2'),
       (2, 'Manager', 'Test', 'admin', '$2a$10$3MTpcAY4PG9DXdrOZmQU5uH07ohO7hypdjWiDE4e9zLC0RcRiVBi6');

INSERT INTO user_roles (abonent_id, role_id)
VALUES (1, 1),
       (2, 2);

INSERT INTO phone_number (id, balance, phone_number, tariff_type_id, abonent_id)
values (1, 66.12, 0, '79433801925', 2, 1),
       (2, 11.4, 0, '79413261926', 1, 1),
       (3, 782.77, 0, '79919911523', 2, 1),
       (4, 963, 0, '79423517387', 3, 1),
       (5, 490.25, 0, '79683380905', 3, 1),
       (6, 762.34, 0, '79935731006', 2, 1),
       (7, 695.04, 0, '79516964045', 1, 1),
       (8, 685.61, 0, '79417223287', 3, 1),
       (9, 229.89, 0, '79777743535', 1, 1),
       (10, 125.27, 0, '79980923657', 1, 1);

INSERT INTO call_record (call_end, call_start, call_type_code, phone_number_id)
VALUES ('2022-01-01 01:14:46', '2022-01-01 00:22:57', 2, 7),
       ('2022-01-01 08:06:41', '2022-01-01 07:51:01', 2, 8),
       ('2022-01-01 11:54:02', '2022-01-01 11:11:56', 2, 5),
       ('2022-01-01 15:59:26', '2022-01-01 15:10:57', 2, 9),
       ('2022-01-01 18:25:44', '2022-01-01 17:44:43', 1, 2),
       ('2022-01-01 22:38:27', '2022-01-01 22:10:40', 2, 3),
       ('2022-01-01 23:58:18', '2022-01-01 23:44:37', 1, 2),
       ('2022-01-02 17:42:58', '2022-01-02 17:11:26', 2, 6),
       ('2022-01-02 19:48:19', '2022-01-02 19:19:03', 2, 10),
       ('2022-01-02 20:27:57', '2022-01-02 19:44:10', 1, 7),
       ('2022-01-03 01:26:11', '2022-01-03 00:40:08', 2, 8),
       ('2022-01-03 08:25:32', '2022-01-03 07:43:48', 2, 2),
       ('2022-01-03 17:01:48', '2022-01-03 16:55:51', 1, 4),
       ('2022-01-03 21:26:54', '2022-01-03 21:23:46', 1, 5),
       ('2022-01-03 21:45:40', '2022-01-03 21:27:36', 1, 6),
       ('2022-01-04 14:12:07', '2022-01-04 14:03:53', 1, 9),
       ('2022-01-04 17:58:17', '2022-01-04 17:00:36', 1, 5),
       ('2022-01-04 18:00:58', '2022-01-04 17:18:04', 1, 5),
       ('2022-01-05 01:00:08', '2022-01-05 00:31:11', 1, 6),
       ('2022-01-05 02:56:47', '2022-01-05 02:18:29', 1, 5),
       ('2022-01-05 12:29:15', '2022-01-05 11:33:36', 1, 10),
       ('2022-01-05 12:58:09', '2022-01-05 12:42:57', 1, 6),
       ('2022-01-05 13:51:26', '2022-01-05 13:06:13', 2, 3),
       ('2022-01-05 14:42:18', '2022-01-05 14:20:04', 1, 4),
       ('2022-01-05 23:13:00', '2022-01-05 22:23:36', 2, 1),
       ('2022-01-05 23:42:25', '2022-01-05 22:55:23', 1, 3),
       ('2022-01-06 01:38:01', '2022-01-06 01:05:38', 2, 3),
       ('2022-01-06 08:09:11', '2022-01-06 07:55:47', 2, 9),
       ('2022-01-06 08:53:15', '2022-01-06 08:19:46', 2, 10),
       ('2022-01-06 10:08:10', '2022-01-06 10:07:28', 1, 8),
       ('2022-01-06 12:45:17', '2022-01-06 12:01:06', 1, 7),
       ('2022-01-06 17:11:17', '2022-01-06 16:31:56', 1, 6),
       ('2022-01-06 18:42:00', '2022-01-06 17:56:29', 2, 10),
       ('2022-01-06 22:30:42', '2022-01-06 22:06:53', 2, 6),
       ('2022-01-07 02:10:10', '2022-01-07 01:43:45', 1, 9),
       ('2022-01-07 15:02:06', '2022-01-07 14:34:55', 1, 10),
       ('2022-01-07 18:51:06', '2022-01-07 18:09:51', 2, 4),
       ('2022-01-07 22:30:52', '2022-01-07 21:49:45', 1, 5),
       ('2022-01-08 00:27:46', '2022-01-08 00:03:40', 2, 3),
       ('2022-01-08 01:25:45', '2022-01-08 01:18:23', 1, 4),
       ('2022-01-08 02:28:05', '2022-01-08 01:32:22', 2, 9),
       ('2022-01-08 02:30:40', '2022-01-08 02:17:33', 1, 8),
       ('2022-01-08 12:35:17', '2022-01-08 12:11:31', 2, 10),
       ('2022-01-09 01:18:27', '2022-01-09 00:22:30', 2, 9),
       ('2022-01-09 13:12:59', '2022-01-09 12:28:07', 2, 4),
       ('2022-01-09 18:59:06', '2022-01-09 18:35:42', 1, 4),
       ('2022-01-09 23:35:45', '2022-01-09 23:30:41', 1, 6),
       ('2022-01-10 01:30:31', '2022-01-10 01:02:14', 1, 10),
       ('2022-01-10 01:38:45', '2022-01-10 01:07:19', 1, 3),
       ('2022-01-10 02:47:51', '2022-01-10 02:29:02', 2, 3),
       ('2022-01-11 03:37:13', '2022-01-11 02:49:14', 2, 8),
       ('2022-01-11 03:30:45', '2022-01-11 03:11:53', 1, 4),
       ('2022-01-11 05:19:26', '2022-01-11 04:54:56', 2, 7),
       ('2022-01-11 08:37:34', '2022-01-11 08:15:13', 1, 4),
       ('2022-01-11 08:32:42', '2022-01-11 08:18:12', 1, 7),
       ('2022-01-11 09:23:29', '2022-01-11 08:56:16', 1, 9),
       ('2022-01-11 14:06:48', '2022-01-11 13:45:29', 1, 6),
       ('2022-01-11 17:49:01', '2022-01-11 17:39:37', 2, 5),
       ('2022-01-12 00:32:24', '2022-01-12 00:21:25', 1, 9),
       ('2022-01-12 05:53:30', '2022-01-12 05:34:49', 1, 4),
       ('2022-01-12 10:38:15', '2022-01-12 10:17:13', 2, 3),
       ('2022-01-12 14:49:22', '2022-01-12 14:28:38', 1, 10),
       ('2022-01-12 15:46:14', '2022-01-12 14:55:25', 2, 9),
       ('2022-01-12 18:17:05', '2022-01-12 18:16:43', 2, 3),
       ('2022-01-13 00:51:26', '2022-01-13 00:14:38', 2, 3),
       ('2022-01-13 05:47:02', '2022-01-13 04:48:57', 1, 8),
       ('2022-01-13 06:44:29', '2022-01-13 05:53:11', 2, 6),
       ('2022-01-13 07:49:14', '2022-01-13 07:03:28', 2, 8),
       ('2022-01-13 07:58:59', '2022-01-13 07:35:57', 1, 9),
       ('2022-01-13 09:46:29', '2022-01-13 09:12:18', 2, 9),
       ('2022-01-13 12:19:01', '2022-01-13 12:05:11', 1, 10),
       ('2022-01-13 15:10:40', '2022-01-13 14:33:41', 1, 8),
       ('2022-01-13 18:04:30', '2022-01-13 17:06:59', 1, 10),
       ('2022-01-13 19:38:55', '2022-01-13 19:08:34', 2, 7),
       ('2022-01-13 23:25:18', '2022-01-13 23:04:23', 2, 8),
       ('2022-01-14 10:44:52', '2022-01-14 10:35:29', 1, 2),
       ('2022-01-14 18:49:34', '2022-01-14 18:12:51', 2, 6),
       ('2022-01-14 19:14:27', '2022-01-14 18:25:56', 2, 4),
       ('2022-01-14 22:23:15', '2022-01-14 21:50:43', 1, 2),
       ('2022-01-14 23:43:07', '2022-01-14 22:50:00', 2, 2),
       ('2022-01-15 00:07:02', '2022-01-15 00:00:40', 2, 9),
       ('2022-01-15 02:23:03', '2022-01-15 02:08:32', 2, 6),
       ('2022-01-15 04:57:33', '2022-01-15 04:28:25', 2, 7),
       ('2022-01-15 08:08:27', '2022-01-15 07:41:52', 1, 6),
       ('2022-01-15 11:18:00', '2022-01-15 10:46:00', 1, 9),
       ('2022-01-15 11:57:33', '2022-01-15 11:34:33', 2, 7),
       ('2022-01-15 19:03:51', '2022-01-15 18:30:47', 1, 3),
       ('2022-01-16 00:54:22', '2022-01-16 00:28:58', 1, 10),
       ('2022-01-16 01:56:51', '2022-01-16 01:16:31', 1, 9),
       ('2022-01-16 02:05:34', '2022-01-16 01:58:26', 2, 5),
       ('2022-01-16 04:12:46', '2022-01-16 03:16:49', 1, 10),
       ('2022-01-16 08:10:24', '2022-01-16 07:58:02', 2, 3),
       ('2022-01-16 18:40:54', '2022-01-16 18:22:15', 1, 6),
       ('2022-01-16 21:24:46', '2022-01-16 20:35:20', 1, 3),
       ('2022-01-16 23:24:35', '2022-01-16 23:05:02', 2, 10),
       ('2022-01-16 23:56:47', '2022-01-16 23:33:25', 2, 10),
       ('2022-01-17 02:36:46', '2022-01-17 02:02:14', 1, 9),
       ('2022-01-17 06:23:10', '2022-01-17 05:27:39', 2, 10),
       ('2022-01-17 14:56:09', '2022-01-17 14:02:28', 1, 6),
       ('2022-01-17 20:36:48', '2022-01-17 20:03:41', 1, 7),
       ('2022-01-18 00:31:57', '2022-01-18 00:12:15', 2, 6),
       ('2022-01-18 06:12:27', '2022-01-18 06:12:12', 1, 10),
       ('2022-01-18 07:18:27', '2022-01-18 06:30:25', 1, 10),
       ('2022-01-18 07:34:06', '2022-01-18 07:05:11', 1, 2),
       ('2022-01-18 19:46:50', '2022-01-18 18:48:48', 1, 9),
       ('2022-01-19 07:47:15', '2022-01-19 07:42:19', 1, 10),
       ('2022-01-19 16:07:18', '2022-01-19 15:37:41', 1, 9),
       ('2022-01-20 04:06:24', '2022-01-20 04:02:36', 2, 6),
       ('2022-01-20 05:19:28', '2022-01-20 04:47:18', 2, 3),
       ('2022-01-20 11:10:36', '2022-01-20 10:29:18', 2, 8),
       ('2022-01-20 14:52:26', '2022-01-20 14:29:12', 1, 5),
       ('2022-01-20 17:11:02', '2022-01-20 16:20:01', 2, 10),
       ('2022-01-20 19:33:14', '2022-01-20 18:35:48', 1, 10),
       ('2022-01-20 19:43:12', '2022-01-20 19:22:53', 1, 3),
       ('2022-01-21 00:38:25', '2022-01-20 23:40:29', 2, 9),
       ('2022-01-21 05:40:34', '2022-01-21 05:16:02', 1, 3),
       ('2022-01-21 09:00:45', '2022-01-21 08:16:15', 1, 3),
       ('2022-01-21 10:19:25', '2022-01-21 10:05:12', 1, 10),
       ('2022-01-21 12:13:18', '2022-01-21 11:18:49', 1, 4),
       ('2022-01-21 12:39:36', '2022-01-21 11:54:11', 1, 9),
       ('2022-01-21 12:38:12', '2022-01-21 12:16:14', 1, 6),
       ('2022-01-21 14:51:41', '2022-01-21 14:46:14', 2, 10),
       ('2022-01-21 19:58:37', '2022-01-21 19:26:21', 1, 2),
       ('2022-01-22 03:14:20', '2022-01-22 02:42:59', 2, 3),
       ('2022-01-22 15:43:25', '2022-01-22 14:46:37', 2, 3),
       ('2022-01-22 17:10:07', '2022-01-22 17:03:37', 1, 5),
       ('2022-01-22 19:23:55', '2022-01-22 19:13:04', 1, 10),
       ('2022-01-22 22:16:46', '2022-01-22 21:26:09', 2, 9),
       ('2022-01-22 22:51:26', '2022-01-22 22:26:22', 1, 6),
       ('2022-01-22 23:49:18', '2022-01-22 22:57:55', 2, 6),
       ('2022-01-22 23:46:27', '2022-01-22 23:03:47', 2, 4),
       ('2022-01-23 08:24:14', '2022-01-23 07:27:17', 2, 10),
       ('2022-01-23 12:40:29', '2022-01-23 12:28:49', 1, 4),
       ('2022-01-23 14:37:04', '2022-01-23 13:38:53', 2, 5),
       ('2022-01-23 16:28:41', '2022-01-23 15:56:42', 1, 3),
       ('2022-01-23 19:45:48', '2022-01-23 19:08:21', 1, 10),
       ('2022-01-24 01:02:44', '2022-01-24 00:12:17', 2, 7),
       ('2022-01-24 03:41:42', '2022-01-24 02:44:21', 1, 10),
       ('2022-01-24 12:11:37', '2022-01-24 11:39:33', 2, 1),
       ('2022-01-24 13:26:12', '2022-01-24 12:29:03', 2, 7),
       ('2022-01-24 21:26:25', '2022-01-24 21:11:56', 2, 3),
       ('2022-01-25 02:55:35', '2022-01-25 02:18:28', 2, 3),
       ('2022-01-25 03:59:27', '2022-01-25 03:22:25', 1, 3),
       ('2022-01-25 07:22:07', '2022-01-25 06:43:21', 1, 9),
       ('2022-01-25 07:47:46', '2022-01-25 07:17:08', 1, 9),
       ('2022-01-25 11:20:07', '2022-01-25 10:45:11', 2, 4),
       ('2022-01-25 13:34:00', '2022-01-25 12:38:18', 2, 4),
       ('2022-01-25 14:07:46', '2022-01-25 13:14:24', 2, 3),
       ('2022-01-25 16:05:18', '2022-01-25 15:59:48', 1, 8),
       ('2022-01-25 17:37:29', '2022-01-25 16:55:25', 2, 7),
       ('2022-01-26 03:50:38', '2022-01-26 02:51:56', 1, 3),
       ('2022-01-26 09:26:07', '2022-01-26 09:17:56', 2, 10),
       ('2022-01-26 15:22:17', '2022-01-26 14:24:08', 2, 9),
       ('2022-01-26 15:21:47', '2022-01-26 14:42:28', 1, 2),
       ('2022-01-26 19:43:03', '2022-01-26 19:05:40', 1, 2),
       ('2022-01-26 20:49:41', '2022-01-26 20:12:32', 1, 9),
       ('2022-01-27 02:04:24', '2022-01-27 01:58:25', 2, 3),
       ('2022-01-27 02:59:09', '2022-01-27 02:24:13', 2, 9),
       ('2022-01-27 05:30:07', '2022-01-27 04:47:47', 2, 9),
       ('2022-01-27 09:49:53', '2022-01-27 09:42:03', 2, 3),
       ('2022-01-27 11:35:33', '2022-01-27 10:44:17', 2, 3),
       ('2022-01-27 16:31:07', '2022-01-27 16:27:56', 1, 7),
       ('2022-01-27 19:16:02', '2022-01-27 18:39:57', 2, 2),
       ('2022-01-28 11:47:08', '2022-01-28 11:00:29', 2, 10);


